INSERT INTO `candidato`(`cedula`, `nombre`, `edad`, `direccion`, `genero`, `telefono`) VALUES ('10288345', 'Jesus Lopez', 30, 'Puerto Ordaz', 'M', '04125698521');
INSERT INTO `candidato`(`cedula`, `nombre`, `edad`, `direccion`, `genero`, `telefono`) VALUES ('15745232', 'Angel Hernandez', 32, 'Puerto Ordaz', 'M', '04165852654');
INSERT INTO `candidato`(`cedula`, `nombre`, `edad`, `direccion`, `genero`, `telefono`) VALUES ('18474521', 'Karen Lopez', 28, 'San Felix', 'F', '04245852652');
INSERT INTO `candidato`(`cedula`, `nombre`, `edad`, `direccion`, `genero`, `telefono`) VALUES ('26500626', 'Angie Ordoñez', 22, 'Puerto La Cruz', 'F', '041425695');
INSERT INTO `candidato`(`cedula`, `nombre`, `edad`, `direccion`, `genero`, `telefono`) VALUES ('2651444', 'Germán Guerra', 22, 'Merida', 'M', '04127896352');
INSERT INTO `candidato`(`cedula`, `nombre`, `edad`, `direccion`, `genero`, `telefono`) VALUES ('27485123', 'Luis Perez', 22, 'San Felix', 'M', '04245897712');
INSERT INTO `candidato`(`cedula`, `nombre`, `edad`, `direccion`, `genero`, `telefono`) VALUES ('27948813', 'Luisa Lopez', 20, 'Puerto Ordaz', 'F', '0414489696');
INSERT INTO `candidato`(`cedula`, `nombre`, `edad`, `direccion`, `genero`, `telefono`) VALUES ('28162752', 'Maria Guerra', 20, 'Puerto Ordaz', 'F', '04148894122');
INSERT INTO `candidato`(`cedula`, `nombre`, `edad`, `direccion`, `genero`, `telefono`) VALUES ('8242993', 'Maria Rodriguez', 20, 'San Felix', 'F', '041425695');
INSERT INTO `candidato`(`cedula`, `nombre`, `edad`, `direccion`, `genero`, `telefono`) VALUES ('8266061', 'Natalia Guerra', 30, 'Puerto La Cruz', 'F', '02835698985');
INSERT INTO `empresa`(`id_empresa`, `nombre`) VALUES ('1', 'Alcasa');
INSERT INTO `empresa`(`id_empresa`, `nombre`) VALUES ('10288', 'JL1290 CA');
INSERT INTO `empresa`(`id_empresa`, `nombre`) VALUES ('123456', 'El artesano');
INSERT INTO `empresa`(`id_empresa`, `nombre`) VALUES ('2', 'Venalum');
INSERT INTO `empresa`(`id_empresa`, `nombre`) VALUES ('27948', 'Panificadora Real');
INSERT INTO `empresa`(`id_empresa`, `nombre`) VALUES ('3', 'Bauxilum');
INSERT INTO `empresa`(`id_empresa`, `nombre`) VALUES ('389956', 'MyM San Félix');
INSERT INTO `empresa`(`id_empresa`, `nombre`) VALUES ('4', 'Sidor');
INSERT INTO `empresa`(`id_empresa`, `nombre`) VALUES ('789012', 'Palermo CA');
INSERT INTO `habilidad_requerida`(`id_cargo`, `id_habilidad`) VALUES ('1', '1');
INSERT INTO `habilidad_requerida`(`id_cargo`, `id_habilidad`) VALUES ('1', '2');
INSERT INTO `habilidad_requerida`(`id_cargo`, `id_habilidad`) VALUES ('1', '3');
INSERT INTO `habilidad_requerida`(`id_cargo`, `id_habilidad`) VALUES ('1', '4');
INSERT INTO `habilidad_requerida`(`id_cargo`, `id_habilidad`) VALUES ('1', '5');
INSERT INTO `habilidad_requerida`(`id_cargo`, `id_habilidad`) VALUES ('10', '1');
INSERT INTO `habilidad_requerida`(`id_cargo`, `id_habilidad`) VALUES ('10', '2');
INSERT INTO `habilidad_requerida`(`id_cargo`, `id_habilidad`) VALUES ('10', '7');
INSERT INTO `habilidad_requerida`(`id_cargo`, `id_habilidad`) VALUES ('2', '1');
INSERT INTO `habilidad_requerida`(`id_cargo`, `id_habilidad`) VALUES ('2', '2');
INSERT INTO `habilidad_requerida`(`id_cargo`, `id_habilidad`) VALUES ('2', '3');
INSERT INTO `habilidad_requerida`(`id_cargo`, `id_habilidad`) VALUES ('2', '4');
INSERT INTO `habilidad_requerida`(`id_cargo`, `id_habilidad`) VALUES ('2', '5');
INSERT INTO `habilidad_requerida`(`id_cargo`, `id_habilidad`) VALUES ('2', '6');
INSERT INTO `habilidad_requerida`(`id_cargo`, `id_habilidad`) VALUES ('2', '7');
INSERT INTO `habilidad_requerida`(`id_cargo`, `id_habilidad`) VALUES ('3', '1');
INSERT INTO `habilidad_requerida`(`id_cargo`, `id_habilidad`) VALUES ('3', '2');
INSERT INTO `habilidad_requerida`(`id_cargo`, `id_habilidad`) VALUES ('3', '3');
INSERT INTO `habilidad_requerida`(`id_cargo`, `id_habilidad`) VALUES ('3', '4');
INSERT INTO `habilidad_requerida`(`id_cargo`, `id_habilidad`) VALUES ('3', '5');
INSERT INTO `habilidad_requerida`(`id_cargo`, `id_habilidad`) VALUES ('3', '6');
INSERT INTO `habilidad_requerida`(`id_cargo`, `id_habilidad`) VALUES ('3', '7');
INSERT INTO `habilidad_requerida`(`id_cargo`, `id_habilidad`) VALUES ('4', '1');
INSERT INTO `habilidad_requerida`(`id_cargo`, `id_habilidad`) VALUES ('4', '2');
INSERT INTO `habilidad_requerida`(`id_cargo`, `id_habilidad`) VALUES ('4', '3');
INSERT INTO `habilidad_requerida`(`id_cargo`, `id_habilidad`) VALUES ('4', '4');
INSERT INTO `habilidad_requerida`(`id_cargo`, `id_habilidad`) VALUES ('4', '5');
INSERT INTO `habilidad_requerida`(`id_cargo`, `id_habilidad`) VALUES ('4', '6');
INSERT INTO `habilidad_requerida`(`id_cargo`, `id_habilidad`) VALUES ('4', '7');
INSERT INTO `habilidad_requerida`(`id_cargo`, `id_habilidad`) VALUES ('5', '1');
INSERT INTO `habilidad_requerida`(`id_cargo`, `id_habilidad`) VALUES ('5', '2');
INSERT INTO `habilidad_requerida`(`id_cargo`, `id_habilidad`) VALUES ('5', '3');
INSERT INTO `habilidad_requerida`(`id_cargo`, `id_habilidad`) VALUES ('5', '4');
INSERT INTO `habilidad_requerida`(`id_cargo`, `id_habilidad`) VALUES ('5', '5');
INSERT INTO `habilidad_requerida`(`id_cargo`, `id_habilidad`) VALUES ('5', '6');
INSERT INTO `habilidad_requerida`(`id_cargo`, `id_habilidad`) VALUES ('5', '7');
INSERT INTO `habilidad_requerida`(`id_cargo`, `id_habilidad`) VALUES ('6', '1');
INSERT INTO `habilidad_requerida`(`id_cargo`, `id_habilidad`) VALUES ('6', '2');
INSERT INTO `habilidad_requerida`(`id_cargo`, `id_habilidad`) VALUES ('6', '3');
INSERT INTO `habilidad_requerida`(`id_cargo`, `id_habilidad`) VALUES ('6', '4');
INSERT INTO `habilidad_requerida`(`id_cargo`, `id_habilidad`) VALUES ('6', '5');
INSERT INTO `habilidad_requerida`(`id_cargo`, `id_habilidad`) VALUES ('6', '6');
INSERT INTO `habilidad_requerida`(`id_cargo`, `id_habilidad`) VALUES ('6', '7');
INSERT INTO `habilidad_requerida`(`id_cargo`, `id_habilidad`) VALUES ('7', '1');
INSERT INTO `habilidad_requerida`(`id_cargo`, `id_habilidad`) VALUES ('7', '2');
INSERT INTO `habilidad_requerida`(`id_cargo`, `id_habilidad`) VALUES ('7', '3');
INSERT INTO `habilidad_requerida`(`id_cargo`, `id_habilidad`) VALUES ('7', '4');
INSERT INTO `habilidad_requerida`(`id_cargo`, `id_habilidad`) VALUES ('7', '5');
INSERT INTO `habilidad_requerida`(`id_cargo`, `id_habilidad`) VALUES ('7', '6');
INSERT INTO `habilidad_requerida`(`id_cargo`, `id_habilidad`) VALUES ('7', '7');
INSERT INTO `habilidad_requerida`(`id_cargo`, `id_habilidad`) VALUES ('8', '1');
INSERT INTO `habilidad_requerida`(`id_cargo`, `id_habilidad`) VALUES ('8', '2');
INSERT INTO `habilidad_requerida`(`id_cargo`, `id_habilidad`) VALUES ('8', '3');
INSERT INTO `habilidad_requerida`(`id_cargo`, `id_habilidad`) VALUES ('8', '4');
INSERT INTO `habilidad_requerida`(`id_cargo`, `id_habilidad`) VALUES ('8', '5');
INSERT INTO `habilidad_requerida`(`id_cargo`, `id_habilidad`) VALUES ('8', '6');
INSERT INTO `habilidad_requerida`(`id_cargo`, `id_habilidad`) VALUES ('9', '1');
INSERT INTO `habilidad_requerida`(`id_cargo`, `id_habilidad`) VALUES ('9', '2');
INSERT INTO `habilidad_requerida`(`id_cargo`, `id_habilidad`) VALUES ('9', '3');
INSERT INTO `habilidad_requerida`(`id_cargo`, `id_habilidad`) VALUES ('9', '4');
INSERT INTO `habilidad_requerida`(`id_cargo`, `id_habilidad`) VALUES ('9', '5');
INSERT INTO `habilidad_requerida`(`id_cargo`, `id_habilidad`) VALUES ('9', '6');
INSERT INTO `habilidad_requerida`(`id_cargo`, `id_habilidad`) VALUES ('adm', 'excl');
INSERT INTO `habilidad_requerida`(`id_cargo`, `id_habilidad`) VALUES ('arq', 'dpln');
INSERT INTO `habilidad_requerida`(`id_cargo`, `id_habilidad`) VALUES ('cont', 'excl');
INSERT INTO `habilidad_requerida`(`id_cargo`, `id_habilidad`) VALUES ('inf', 'dweb');
INSERT INTO `habilidades`(`id_habilidad`, `descripcion`) VALUES ('1', 'trabajo en equipo');
INSERT INTO `habilidades`(`id_habilidad`, `descripcion`) VALUES ('2', 'trabajo bajo presion');
INSERT INTO `habilidades`(`id_habilidad`, `descripcion`) VALUES ('3', 'manejo de word');
INSERT INTO `habilidades`(`id_habilidad`, `descripcion`) VALUES ('4', 'manejo de excel');
INSERT INTO `habilidades`(`id_habilidad`, `descripcion`) VALUES ('5', 'manejo de powerpoint');
INSERT INTO `habilidades`(`id_habilidad`, `descripcion`) VALUES ('6', 'toma de decisiones');
INSERT INTO `habilidades`(`id_habilidad`, `descripcion`) VALUES ('7', 'ingles');
INSERT INTO `habilidades`(`id_habilidad`, `descripcion`) VALUES ('dpln', 'Diseño de planos');
INSERT INTO `habilidades`(`id_habilidad`, `descripcion`) VALUES ('dweb', 'Desarrollo web');
INSERT INTO `habilidades`(`id_habilidad`, `descripcion`) VALUES ('excl', 'Uso de Excel');
INSERT INTO `posee_habilidad`(`cedula`, `id_habilidad`) VALUES ('10288345', '2');
INSERT INTO `posee_habilidad`(`cedula`, `id_habilidad`) VALUES ('10288345', '3');
INSERT INTO `posee_habilidad`(`cedula`, `id_habilidad`) VALUES ('10288345', '4');
INSERT INTO `posee_habilidad`(`cedula`, `id_habilidad`) VALUES ('10288345', '5');
INSERT INTO `posee_habilidad`(`cedula`, `id_habilidad`) VALUES ('10288345', '6');
INSERT INTO `posee_habilidad`(`cedula`, `id_habilidad`) VALUES ('15745232', 'dpln');
INSERT INTO `posee_habilidad`(`cedula`, `id_habilidad`) VALUES ('18474521', 'excl');
INSERT INTO `posee_habilidad`(`cedula`, `id_habilidad`) VALUES ('26500626', '6');
INSERT INTO `posee_habilidad`(`cedula`, `id_habilidad`) VALUES ('26500626', '7');
INSERT INTO `posee_habilidad`(`cedula`, `id_habilidad`) VALUES ('2651444', '1');
INSERT INTO `posee_habilidad`(`cedula`, `id_habilidad`) VALUES ('2651444', '3');
INSERT INTO `posee_habilidad`(`cedula`, `id_habilidad`) VALUES ('27485123', 'excl');
INSERT INTO `posee_habilidad`(`cedula`, `id_habilidad`) VALUES ('27948813', '1');
INSERT INTO `posee_habilidad`(`cedula`, `id_habilidad`) VALUES ('27948813', '2');
INSERT INTO `posee_habilidad`(`cedula`, `id_habilidad`) VALUES ('27948813', '3');
INSERT INTO `posee_habilidad`(`cedula`, `id_habilidad`) VALUES ('27948813', '4');
INSERT INTO `posee_habilidad`(`cedula`, `id_habilidad`) VALUES ('27948813', '5');
INSERT INTO `posee_habilidad`(`cedula`, `id_habilidad`) VALUES ('27948813', '6');
INSERT INTO `posee_habilidad`(`cedula`, `id_habilidad`) VALUES ('27948813', '7');
INSERT INTO `posee_habilidad`(`cedula`, `id_habilidad`) VALUES ('28162752', 'dweb');
INSERT INTO `posee_habilidad`(`cedula`, `id_habilidad`) VALUES ('8242993', '2');
INSERT INTO `posee_habilidad`(`cedula`, `id_habilidad`) VALUES ('8242993', '4');
INSERT INTO `posee_habilidad`(`cedula`, `id_habilidad`) VALUES ('8242993', '5');
INSERT INTO `posee_habilidad`(`cedula`, `id_habilidad`) VALUES ('8266061', '2');
INSERT INTO `posee_habilidad`(`cedula`, `id_habilidad`) VALUES ('8266061', '3');
INSERT INTO `posee_habilidad`(`cedula`, `id_habilidad`) VALUES ('8266061', '4');
INSERT INTO `posee_habilidad`(`cedula`, `id_habilidad`) VALUES ('8266061', '5');
INSERT INTO `posee_habilidad`(`cedula`, `id_habilidad`) VALUES ('8266061', '6');
INSERT INTO `registra`(`id_empresa`, `id_cargo`, `fecha`, `fecha_vencimiento`, `vacante_pagada`) VALUES ('1', 'adm', '2021-11-23', '2021-12-31', 's');
INSERT INTO `registra`(`id_empresa`, `id_cargo`, `fecha`, `fecha_vencimiento`, `vacante_pagada`) VALUES ('10288', '1', '2021-11-11', '2021-12-31', 's');
INSERT INTO `registra`(`id_empresa`, `id_cargo`, `fecha`, `fecha_vencimiento`, `vacante_pagada`) VALUES ('10288', '10', '2021-11-15', '2021-11-30', 's');
INSERT INTO `registra`(`id_empresa`, `id_cargo`, `fecha`, `fecha_vencimiento`, `vacante_pagada`) VALUES ('10288', '11', '2021-11-08', '2021-12-05', 'n');
INSERT INTO `registra`(`id_empresa`, `id_cargo`, `fecha`, `fecha_vencimiento`, `vacante_pagada`) VALUES ('10288', '12', '2021-10-25', '2021-12-05', 's');
INSERT INTO `registra`(`id_empresa`, `id_cargo`, `fecha`, `fecha_vencimiento`, `vacante_pagada`) VALUES ('10288', '2', '2021-01-15', '2021-02-27', 's');
INSERT INTO `registra`(`id_empresa`, `id_cargo`, `fecha`, `fecha_vencimiento`, `vacante_pagada`) VALUES ('10288', '3', '2021-09-22', '2021-10-31', 's');
INSERT INTO `registra`(`id_empresa`, `id_cargo`, `fecha`, `fecha_vencimiento`, `vacante_pagada`) VALUES ('10288', '4', '2021-11-15', '2021-12-31', 's');
INSERT INTO `registra`(`id_empresa`, `id_cargo`, `fecha`, `fecha_vencimiento`, `vacante_pagada`) VALUES ('10288', '5', '2021-11-18', '2021-12-31', 'n');
INSERT INTO `registra`(`id_empresa`, `id_cargo`, `fecha`, `fecha_vencimiento`, `vacante_pagada`) VALUES ('10288', '6', '2021-11-16', '2021-12-03', 's');
INSERT INTO `registra`(`id_empresa`, `id_cargo`, `fecha`, `fecha_vencimiento`, `vacante_pagada`) VALUES ('10288', '7', '2021-10-01', '2021-12-31', 'n');
INSERT INTO `registra`(`id_empresa`, `id_cargo`, `fecha`, `fecha_vencimiento`, `vacante_pagada`) VALUES ('10288', '8', '2021-11-10', '2021-12-05', 'n');
INSERT INTO `registra`(`id_empresa`, `id_cargo`, `fecha`, `fecha_vencimiento`, `vacante_pagada`) VALUES ('10288', '9', '2021-11-01', '2021-12-30', 's');
INSERT INTO `registra`(`id_empresa`, `id_cargo`, `fecha`, `fecha_vencimiento`, `vacante_pagada`) VALUES ('10288', 'adm', '2021-11-01', '2021-11-17', 'n');
INSERT INTO `registra`(`id_empresa`, `id_cargo`, `fecha`, `fecha_vencimiento`, `vacante_pagada`) VALUES ('10288', 'arq', '2021-11-01', '2021-11-25', 's');
INSERT INTO `registra`(`id_empresa`, `id_cargo`, `fecha`, `fecha_vencimiento`, `vacante_pagada`) VALUES ('10288', 'cont', '2021-11-17', '2021-11-28', 'n');
INSERT INTO `registra`(`id_empresa`, `id_cargo`, `fecha`, `fecha_vencimiento`, `vacante_pagada`) VALUES ('10288', 'inf', '2021-12-01', '2021-12-31', 's');
INSERT INTO `registra`(`id_empresa`, `id_cargo`, `fecha`, `fecha_vencimiento`, `vacante_pagada`) VALUES ('123456', '4', '2021-08-17', '2021-09-20', 's');
INSERT INTO `registra`(`id_empresa`, `id_cargo`, `fecha`, `fecha_vencimiento`, `vacante_pagada`) VALUES ('123456', '6', '2021-02-25', '2021-12-31', 'n');
INSERT INTO `registra`(`id_empresa`, `id_cargo`, `fecha`, `fecha_vencimiento`, `vacante_pagada`) VALUES ('123456', '7', '2021-03-15', '2021-12-31', 'n');
INSERT INTO `registra`(`id_empresa`, `id_cargo`, `fecha`, `fecha_vencimiento`, `vacante_pagada`) VALUES ('2', 'arq', '2021-08-09', '2021-09-21', 's');
INSERT INTO `registra`(`id_empresa`, `id_cargo`, `fecha`, `fecha_vencimiento`, `vacante_pagada`) VALUES ('2', 'cont', '2021-06-28', '2021-07-30', 's');
INSERT INTO `registra`(`id_empresa`, `id_cargo`, `fecha`, `fecha_vencimiento`, `vacante_pagada`) VALUES ('27948', '1', '2021-05-20', '2021-06-30', 's');
INSERT INTO `registra`(`id_empresa`, `id_cargo`, `fecha`, `fecha_vencimiento`, `vacante_pagada`) VALUES ('3', 'inf', '2021-10-20', '2021-11-20', 's');
INSERT INTO `registra`(`id_empresa`, `id_cargo`, `fecha`, `fecha_vencimiento`, `vacante_pagada`) VALUES ('389956', '10', '2021-07-15', '2021-08-30', 's');
INSERT INTO `registra`(`id_empresa`, `id_cargo`, `fecha`, `fecha_vencimiento`, `vacante_pagada`) VALUES ('389956', '8', '2021-02-03', '2021-03-20', 's');
INSERT INTO `registra`(`id_empresa`, `id_cargo`, `fecha`, `fecha_vencimiento`, `vacante_pagada`) VALUES ('389956', '9', '2021-11-03', '2021-12-31', 's');
INSERT INTO `registra`(`id_empresa`, `id_cargo`, `fecha`, `fecha_vencimiento`, `vacante_pagada`) VALUES ('4', 'cont', '2021-10-01', '2021-12-31', 'n');
INSERT INTO `registra`(`id_empresa`, `id_cargo`, `fecha`, `fecha_vencimiento`, `vacante_pagada`) VALUES ('789012', '1', '2021-11-01', '2021-11-30', 's');
INSERT INTO `registra`(`id_empresa`, `id_cargo`, `fecha`, `fecha_vencimiento`, `vacante_pagada`) VALUES ('789012', '10', '2021-09-15', '2021-10-31', 's');
INSERT INTO `registra`(`id_empresa`, `id_cargo`, `fecha`, `fecha_vencimiento`, `vacante_pagada`) VALUES ('789012', '2', '2021-11-12', '2021-12-31', 'n');
INSERT INTO `registra`(`id_empresa`, `id_cargo`, `fecha`, `fecha_vencimiento`, `vacante_pagada`) VALUES ('789012', '5', '2021-11-19', '2021-12-31', 'n');
INSERT INTO `registra`(`id_empresa`, `id_cargo`, `fecha`, `fecha_vencimiento`, `vacante_pagada`) VALUES ('789012', 'cont', '2021-10-11', '2021-10-31', 's');
INSERT INTO `se_postula`(`id_cargo`, `id_empresa`, `cedula`, `fecha`) VALUES ('1', '10288', '10288345', '2021-11-12');
INSERT INTO `se_postula`(`id_cargo`, `id_empresa`, `cedula`, `fecha`) VALUES ('1', '10288', '27948813', '2021-11-13');
INSERT INTO `se_postula`(`id_cargo`, `id_empresa`, `cedula`, `fecha`) VALUES ('10', '10288', '8266061', '2021-11-17');
INSERT INTO `se_postula`(`id_cargo`, `id_empresa`, `cedula`, `fecha`) VALUES ('12', '10288', '28162752', '2021-11-24');
INSERT INTO `se_postula`(`id_cargo`, `id_empresa`, `cedula`, `fecha`) VALUES ('4', '10288', '15745232', '2021-11-17');
INSERT INTO `se_postula`(`id_cargo`, `id_empresa`, `cedula`, `fecha`) VALUES ('4', '10288', '8242993', '2021-11-17');
INSERT INTO `se_postula`(`id_cargo`, `id_empresa`, `cedula`, `fecha`) VALUES ('5', '10288', '10288345', '2021-11-18');
INSERT INTO `se_postula`(`id_cargo`, `id_empresa`, `cedula`, `fecha`) VALUES ('5', '10288', '28162752', '2021-11-18');
INSERT INTO `se_postula`(`id_cargo`, `id_empresa`, `cedula`, `fecha`) VALUES ('5', '10288', '8266061', '2021-11-18');
INSERT INTO `se_postula`(`id_cargo`, `id_empresa`, `cedula`, `fecha`) VALUES ('6', '123456', '2651444', '2021-11-24');
INSERT INTO `se_postula`(`id_cargo`, `id_empresa`, `cedula`, `fecha`) VALUES ('7', '10288', '26500626', '2021-10-02');
INSERT INTO `se_postula`(`id_cargo`, `id_empresa`, `cedula`, `fecha`) VALUES ('8', '10288', '8242993', '2021-11-19');
INSERT INTO `se_postula`(`id_cargo`, `id_empresa`, `cedula`, `fecha`) VALUES ('9', '10288', '27485123', '2021-11-18');
INSERT INTO `se_postula`(`id_cargo`, `id_empresa`, `cedula`, `fecha`) VALUES ('adm', '1', '27485123', '2021-11-24');
INSERT INTO `se_postula`(`id_cargo`, `id_empresa`, `cedula`, `fecha`) VALUES ('arq', '2', '15745232', '2021-08-11');
INSERT INTO `se_postula`(`id_cargo`, `id_empresa`, `cedula`, `fecha`) VALUES ('cont', '2', '18474521', '2021-07-29');
INSERT INTO `se_postula`(`id_cargo`, `id_empresa`, `cedula`, `fecha`) VALUES ('inf', '3', '28162752', '2021-11-19');
INSERT INTO `vacante`(`id_cargo`, `nombre_cargo`, `salario`) VALUES ('1', 'gerente', 1589);
INSERT INTO `vacante`(`id_cargo`, `nombre_cargo`, `salario`) VALUES ('10', 'tester', 75363);
INSERT INTO `vacante`(`id_cargo`, `nombre_cargo`, `salario`) VALUES ('11', 'mantenimiento', 900);
INSERT INTO `vacante`(`id_cargo`, `nombre_cargo`, `salario`) VALUES ('12', 'abogado', 1200);
INSERT INTO `vacante`(`id_cargo`, `nombre_cargo`, `salario`) VALUES ('2', 'supervisor', 25274);
INSERT INTO `vacante`(`id_cargo`, `nombre_cargo`, `salario`) VALUES ('3', 'cajero', 40450);
INSERT INTO `vacante`(`id_cargo`, `nombre_cargo`, `salario`) VALUES ('4', 'almacenista', 78314);
INSERT INTO `vacante`(`id_cargo`, `nombre_cargo`, `salario`) VALUES ('5', 'recepcionista', 7963);
INSERT INTO `vacante`(`id_cargo`, `nombre_cargo`, `salario`) VALUES ('6', 'manejo al cambio', 36786);
INSERT INTO `vacante`(`id_cargo`, `nombre_cargo`, `salario`) VALUES ('7', 'mensajero', 36786);
INSERT INTO `vacante`(`id_cargo`, `nombre_cargo`, `salario`) VALUES ('8', 'programador', 7963);
INSERT INTO `vacante`(`id_cargo`, `nombre_cargo`, `salario`) VALUES ('9', 'UX/UI designer', 78314);
INSERT INTO `vacante`(`id_cargo`, `nombre_cargo`, `salario`) VALUES ('adm', 'Administrador', 800);
INSERT INTO `vacante`(`id_cargo`, `nombre_cargo`, `salario`) VALUES ('arq', 'Arquitecto', 950);
INSERT INTO `vacante`(`id_cargo`, `nombre_cargo`, `salario`) VALUES ('cont', 'Contador', 850);
INSERT INTO `vacante`(`id_cargo`, `nombre_cargo`, `salario`) VALUES ('inf', 'Ing informatico', 100);
