INSERT INTO `candidato`(`cedula`, `nombre`, `edad`, `direccion`, `genero`, `telefono`) VALUES ('15745232', 'Angel Hernandez', 32, 'Puerto Ordaz', 'M', '04165852654');
INSERT INTO `candidato`(`cedula`, `nombre`, `edad`, `direccion`, `genero`, `telefono`) VALUES ('18474521', 'Karen Lopez', 28, 'San Felix', 'F', '04245852652');
INSERT INTO `candidato`(`cedula`, `nombre`, `edad`, `direccion`, `genero`, `telefono`) VALUES ('27485123', 'Luis Perez', 22, 'San Felix', 'M', '04245897712');
INSERT INTO `candidato`(`cedula`, `nombre`, `edad`, `direccion`, `genero`, `telefono`) VALUES ('28162752', 'Maria Guerra', 20, 'Puerto Ordaz', 'F', '04148894122');
INSERT INTO `empresa`(`id_empresa`, `nombre`) VALUES ('1', 'Alcasa');
INSERT INTO `empresa`(`id_empresa`, `nombre`) VALUES ('2', 'Venalum');
INSERT INTO `empresa`(`id_empresa`, `nombre`) VALUES ('3', 'Bauxilum');
INSERT INTO `empresa`(`id_empresa`, `nombre`) VALUES ('4', 'Sidor');
INSERT INTO `habilidad_requerida`(`id_cargo`, `id_habilidad`) VALUES ('adm', 'excl');
INSERT INTO `habilidad_requerida`(`id_cargo`, `id_habilidad`) VALUES ('arq', 'dpln');
INSERT INTO `habilidad_requerida`(`id_cargo`, `id_habilidad`) VALUES ('cont', 'excl');
INSERT INTO `habilidad_requerida`(`id_cargo`, `id_habilidad`) VALUES ('inf', 'dweb');
INSERT INTO `habilidades`(`id_habilidad`, `descripcion`) VALUES ('dpln', 'Diseño de planos');
INSERT INTO `habilidades`(`id_habilidad`, `descripcion`) VALUES ('dweb', 'Desarrollo web');
INSERT INTO `habilidades`(`id_habilidad`, `descripcion`) VALUES ('excl', 'Uso de Excel');
INSERT INTO `posee_habilidad`(`cedula`, `id_habilidad`) VALUES ('15745232', 'dpln');
INSERT INTO `posee_habilidad`(`cedula`, `id_habilidad`) VALUES ('18474521', 'excl');
INSERT INTO `posee_habilidad`(`cedula`, `id_habilidad`) VALUES ('27485123', 'excl');
INSERT INTO `posee_habilidad`(`cedula`, `id_habilidad`) VALUES ('28162752', 'dweb');
INSERT INTO `registra`(`id_empresa`, `id_cargo`) VALUES ('1', 'adm');
INSERT INTO `registra`(`id_empresa`, `id_cargo`) VALUES ('2', 'arq');
INSERT INTO `registra`(`id_empresa`, `id_cargo`) VALUES ('2', 'cont');
INSERT INTO `registra`(`id_empresa`, `id_cargo`) VALUES ('3', 'inf');
INSERT INTO `registra`(`id_empresa`, `id_cargo`) VALUES ('4', 'cont');
INSERT INTO `se_postula`(`id_cargo`, `cedula`) VALUES ('adm', '27485123');
INSERT INTO `se_postula`(`id_cargo`, `cedula`) VALUES ('arq', '15745232');
INSERT INTO `se_postula`(`id_cargo`, `cedula`) VALUES ('cont', '18474521');
INSERT INTO `se_postula`(`id_cargo`, `cedula`) VALUES ('inf', '28162752');
INSERT INTO `vacante`(`id_cargo`, `nombre_cargo`, `salario`) VALUES ('adm', 'Administrador', 80);
INSERT INTO `vacante`(`id_cargo`, `nombre_cargo`, `salario`) VALUES ('arq', 'Arquitecto', 95);
INSERT INTO `vacante`(`id_cargo`, `nombre_cargo`, `salario`) VALUES ('cont', 'Contador', 85);
INSERT INTO `vacante`(`id_cargo`, `nombre_cargo`, `salario`) VALUES ('inf', 'Ing informatico', 100);
